Öncelik;Marka;Şehir;Kurucu / karar verici;Kuruluş;Ölçek;Neden uygun;Demo fikri;Web;Instagram;Kaynak;Durum;İlk mesaj;Hatırlatma 1 (+4 gün);Hatırlatma 2 (+7 gün);Not
✓;Hope Istanbul;İstanbul;Gökhan Şimşek, Hüseyin Erdoğmuş (Serimu Kozmetik);2021;~20 koku, Esxence 2024, ~1 bin IG takipçi;Demo hazır;Hazır: hope-demo;hopeistanbulofficial.com;@hopeistanbuloffical;https://www.fragrantica.com/designers/Hope-Istanbul-by-Serimu-Kozmetik.html;Mesaj gönderildi;;;;
A;Seven Gates;İstanbul;Muhip Önal;2021;10 koku, Esxence 2024, yurt dışı bayiler;"Dijital sanat + koku markası; 3B site kimliğine birebir uyar";Her kokunun Cihan Engin illüstrasyonu sahne olur, şişe eserin içinde döner;(bul);(doğrula);https://www.fragrantica.com/news/ESXENCE-2024-Discovering-Turkish-Brand-Seven-Gates-Part-1-Extraits-de-Parfum-20190.html;Yeni;;;;
A;Türkan Fragrances;İstanbul;Türkan Doğrulatan Turan (kurucu), Beste Yazman (iletişim/pazarlama), M. Pınar Bayoğlu;2021;Flying Solo NYC ile ABD/Avrupa;Artizan kolonya hikâyesi, yurt dışına açılıyor, pazarlamadan sorumlu kurucu ortak var;Kolonya şişeleri, kolonya ritüeli bölümü, üç kurucunun hikâyesi;turkan.com.tr;@turkanfragrances;https://flyingsolo.nyc/turkan-fragrance-discovering-turkeys-most-exclusive-niche-perfume-brands/;Yeni;;;;Mesajı Beste Yazman'a da gönder
A;Mes Bisous;İstanbul;Buse Köseoğlu;—;Beymen, Vakkorama, Trendyol, yurt dışı fuarlar;Kitap kapağı gibi el işlemeli ambalaj: çok görsel bir marka;"Kitap kapağı açılır, şişe içinden çıkar; her koku bir kitabın hikâyesi";(bul);(doğrula);https://www.fragrantica.com/news/Mes-Bisous-Perfumes-in-Book-Covers-21471.html;Yeni;;;;
A;Ephemeral Dyadic;İstanbul;Sinan Saul (sanatçı);~2023;9 koku, yurt dışı perakende;Sanat stüdyosundan çıkan, estetiğe önem veren küçük marka;"Karanlık, sanatsal sahne; her koku bir ruh hali";(bul);(doğrula);https://www.fragrantica.com/designers/Ephemeral-Dyadic.html;Yeni;;;;
A;Attar Al Has;İstanbul;Ersin Baş, Sinan Karakaş;2021;21 koku, ihracat (Doğu parfümeri);Oud/amber odaklı, Orta Doğu'ya satıyor: Arapça dil ek satış fırsatı;Altın ve tütsü dumanı sahnesi, TR/EN/AR;(bul);(doğrula);https://www.fragrantica.com/news/Attar-Al-Has-A-New-Niche-Brand-from-Istanbul-16029.html;Yeni;;;;
A;Osmassino;—;(bul);2024;25 koku, Doğu Avrupa'da popüler, TikTok'ta satış;"Hızlı büyüyor, reklam bütçesi olan bir marka; şehir adlı kokular";Her koku bir şehir sahnesi (Bodrum, Tulum…);(bul);(doğrula);https://www.fragrantica.com/designers/Osmassino.html;Yeni;;;;
A;Anatoline;İstanbul;Halil Özer;~2020;'The Antique' koleksiyonu, 6 koku;Anadolu uygarlıkları temalı: Hope'taki silüet sistemi birebir uyar;Her kokuya bir uygarlık silüeti (Hitit, Lidya, Frig…);(bul);(doğrula);http://www.gurmekokular.com/2020/02/anatoline-yeni-bir-turk-nis-parfum.html;Yeni;;;;Marka hâlâ aktif mi kontrol et
B;Regalien;İstanbul;Varol Besen, Bilen Besen;—;45 ülke, 450+ satış noktası, Esxence 2026, Pitti;"Bütçesi yüksek; 'Hidden Origins' Anadolu koleksiyonu";Anadolu bölgeleri sahneleri;(bul);(doğrula);https://www.magforher.com/turk-nis-parfum-markasi-regalien-esxence-2026da-anadolunun-sakli-kokenlerini-dunyaya-tasidi/;Yeni;;;;"Ajansla çalışıyor olabilir; koleksiyon lansman sayfası olarak teklif et"
B;Unique'e Luxury;İzmir / Kaliforniya;Muhammet Serhat Okyay, Selim Özen;2017;Global satış;Şehir adlı kokular, ABD'de merkez;Şehir sahneleri (İzmir…);uniqueeluxury.com;(doğrula);https://www.fragrantica.com/designers/Unique-e-Luxury.html;Yeni;;;;
B;Pekji;İstanbul;Ömer İpekçi (parfümör, eski grafik tasarımcı);2018;Bağımsız, Avrupa'da satılıyor;Tasarımcı kurucu: kaliteyi takdir eder, ama kendi tasarımını yapıyor olabilir;İllüstrasyon tarzı sahneler;pekji.com;(doğrula);https://pekji.com/en/about-us/;Yeni;;;;
B;Parfumane;İstanbul;(bul) · parfümör Bekir Kantarcı;2020;Mağazalar, 43 koku, Osmanlı koleksiyonu;19. yüzyıl şişe formları 3B'de çok etkileyici olur;Osmanlı şişeleri, tarihî İstanbul sahnesi;parfumane.com;(doğrula);https://beauty-turkey.com/guncel/parfumane-from-the-fragrance-heritage-of-the-past-to-the-future-of-perfumery/;Yeni;;;;
B;Nicheend;—;(bul);—;18 kokuluk 'Universe' koleksiyonu;Gezegen temalı koleksiyon 3B için biçilmiş kaftan;Şişeler gezegenler gibi yörüngede döner, her koku bir gezegen;nicheend.com;(doğrula);https://www.parfumo.com/PerfumeBrand/nicheend;Yeni;;;;
C;Amigdala Sentimentals;—;Gamze Seher Döşeyen (bağımsız parfümör);—;Tek kişilik marka;Bütçe düşük olabilir: tek sayfa paketi öner;Sade tek sayfa vitrin;(bul);(doğrula);https://www.fragrantica.com/news/The-Challenging-Road-to-Happiness-The-Challenging-Story-of-an-Independent-Turkish-Perfumer-Gamze-Seher-19508.html;Yeni;;;;
